posts,followers,following,date,new_likes,hashtag
37,64,12,2020-11-16 17:26:17.818524,21,catsofinstagram
37,65,12,2020-11-16 17:42:59.132316,141,catsofinstagram
37,67,12,2020-11-16 20:47:56.241347,21,catsofinstagram
38,73,12,2020-11-17 09:47:30.917922,21,catsofinstagram
38,76,12,2020-11-17 10:55:01.089213,381,catsofinstagram
38,86,13,2020-11-17 20:22:28.477505,57,catsofinstagram
38,86,13,2020-11-17 23:59:42.527591,45,catsofinstagram
38,91,13,2020-11-18 00:56:21.727925,237,catsofinstagram
38,98,12,2020-11-18 11:13:04.180705,273,catsofinstagram
38,104,12,2020-11-18 13:18:39.288448,501,catsofinstagram
38,110,12,2020-11-18 17:59:21.851804,498,catsofinstagram
38,114,12,2020-11-18 23:11:32.173215,501,catsofinstagram
38,122,12,2020-11-19 12:06:22.331570,393,catsofinstagram
38,129,12,2020-11-19 17:23:42.152303,215,catsofinstagram
38,132,13,2020-11-19 20:41:09.822273,501,catsofinstagram
38,134,13,2020-11-19 21:24:40.998605,45,catsofinstagram
39,140,13,2020-11-20 11:08:00.016410,20,catsofinstagram
39,141,13,2020-11-20 11:13:09.027473,500,catsofinstagram
39,152,13,2020-11-20 19:22:41.093664,499,catsofinstagram
39,159,14,2020-11-20 21:22:04.348908,497,catsofinstagram
39,178,15,2020-11-21 12:53:44.102967,68,catsofinstagram
39,180,15,2020-11-21 13:16:01.874422,500,catsofinstagram
39,184,15,2020-11-21 16:34:49.031933,498,catsofinstagram
39,189,15,2020-11-21 17:11:51.986776,43,catlover
39,193,15,2020-11-21 18:11:06.053217,20,catlover
39,193,15,2020-11-21 18:21:27.457252,80,catlover
39,198,15,2020-11-22 01:41:01.873821
39,204,15,2020-11-22 12:50:45.077579,57,catlover
39,205,15,2020-11-22 13:41:18.795368
39,207,15,2020-11-22 19:39:36.094720,21,catlover
39,207,15,2020-11-22 20:24:13.158252,501,catlover
39,208,15,2020-11-22 22:08:43.686066
39,218,15,2020-11-23 00:27:57.891477
39,228,15,2020-11-23 09:00:02.192976,513,catlover
39,231,15,2020-11-23 12:06:49.275805
39,245,15,2020-11-23 17:02:04.315495
39,252,15,2020-11-23 19:19:11.854877,481,catlover
39,262,15,2020-11-24 01:14:36.182687,169,catlover
39,274,15,2020-11-24 14:56:50.333478,205,catlover
39,278,15,2020-11-24 17:41:28.903780,25,catlover
39,278,15,2020-11-24 17:45:15.326202,246,catlover
39,287,15,2020-11-24 19:40:54.374533,269,catlover
39,294,15,2020-11-24 23:23:10.645862,153,catscatscats
39,296,15,2020-11-25 00:48:51.563052,261,catlover
39,298,15,2020-11-25 01:39:42.431081,271,catlover
39,303,15,2020-11-25 12:40:06.355584,513,catlover
39,306,15,2020-11-25 14:12:14.965203,510,catsofinstagram
40,322,15,2020-11-25 18:01:56.695393,497,shotoniphone
40,325,15,2020-11-25 23:33:14.985224,511,shotoniphone
40,333,14,2020-11-27 22:01:30.432121,511,shotoniphone
40,330,15,2020-11-29 13:24:57.755732,510,shotoniphone
41,332,15,2020-11-29 20:47:57.103492,22,shotoniphone
41,333,15,2020-11-29 21:19:01.328123,511,shotoniphone
41,335,15,2020-11-30 10:49:58.885235,511,shotoniphone
41,339,15,2020-11-30 18:51:53.761001,512,shotoniphone
41,340,15,2020-11-30 19:35:56.560153,506,catsofinstagram
41,344,15,2020-12-01 00:04:09.551958,508,shotoniphone
41,351,15,2020-12-01 11:42:55.642730,83,shotoniphone
41,354,15,2020-12-01 22:09:50.839928,506,shotoniphone
41,359,15,2020-12-02 09:44:25.654381,511,shotoniphone
41,360,15,2020-12-02 19:31:06.098819,48,shotoniphone
41,359,15,2020-12-04 21:14:35.757714,510,shotoniphone
41,361,15,2020-12-05 12:09:56.021529,512,catlover
41,368,15,2020-12-05 18:58:38.018488,404,catlover
41,374,15,2020-12-05 23:02:57.816938,475,catlover
41,387,15,2020-12-06 14:03:11.654773,464,catlover
41,398,15,2020-12-06 23:46:23.089492,440,catlover
42,402,15,2020-12-07 11:16:40.621445,209,catlover
42,403,15,2020-12-07 11:36:08.020488,465,catsofinstagram
42,409,15,2020-12-07 15:11:30.057407,428,catsofinstagram
42,420,15,2020-12-07 20:33:29.660640,103,catsofinstagram
42,420,15,2020-12-07 21:44:13.260498,390,catsofinstagram
